<KicadtoNgspice><source /><model /><devicemodel><scmode1><field>C:\FOSSEE\eSim\library\sky130_fd_pr\models\sky130.lib.spice</field><field>tt</field></scmode1><sc3><field>W = 5.4 L = 0.18</field></sc3><sc7><field>W = 5.4 L = 0.18</field></sc7><sc10><field>W = 5.4 L = 0.18</field></sc10><sc13><field>W = 5.4 L = 0.18</field></sc13><sc1><field>W = 5.4 L = 0.18</field></sc1><sc2><field>W = 5.4 L = 0.18</field></sc2><sc5><field>W = 5.4 L = 0.18</field></sc5><sc4><field>W = 5.4 L = 0.18</field></sc4><sc6><field>W = 5.4 L = 0.18</field></sc6><sc8><field>W = 5.4 L = 0.18</field></sc8><sc9><field>W = 5.4 L = 0.18</field></sc9><sc11><field>W = 5.4 L = 0.18</field></sc11><sc12><field>W = 5.4 L = 0.18</field></sc12><sc14><field>W = 5.4 L = 0.18</field></sc14></devicemodel><subcircuit /><analysis><ac><field1 name="Lin">true</field1><field2 name="Dec">false</field2><field3 name="Oct">false</field3><field4 name="Start Frequency" /><field5 name="Stop Frequency" /><field6 name="No. of points" /><field7 name="Start Fre Combo">Hz</field7><field8 name="Stop Fre Combo">Hz</field8></ac><dc><field1 name="Source 1" /><field2 name="Start" /><field3 name="Increment" /><field4 name="Stop" /><field5 name="Operating Point">0</field5><field6 name="Start Combo">Volts or Amperes</field6><field7 name="Increment Combo">Volts or Amperes</field7><field8 name="Stop Combo">Volts or Amperes</field8><field9 name="Source 2" /><field10 name="Start" /><field11 name="Increment" /><field12 name="Stop" /><field13 name="Start Combo">Volts or Amperes</field13><field14 name="Increment Combo">Volts or Amperes</field14><field15 name="Stop Combo">Volts or Amperes</field15></dc><tran><field1 name="Start Time">0</field1><field2 name="Step Time">15</field2><field3 name="Stop Time">25</field3><field4 name="Start Combo">sec</field4><field5 name="Step Combo">sec</field5><field6 name="Stop Combo">sec</field6></tran></analysis></KicadtoNgspice>